"Table 8.1a   Weekly pay - Gross (£) - For full-time employee jobsa: United Kingdom, 2021","","","","","","","","","","","","","","Internal migration: England and Wales local authority (2021 boundaries) to region lookup","","","",""
"","","","","","","","","","","","Area name","April 2021","","","","","",""
"","","Number","","","","","","","","","Adur","340403","","","","","",""
"","","of jobsb","","","","","","","","","Allerdale","165242","","","","","",""
"Description","Code","(thousand)","Median","Mean","","","","","","","Amber Valley","204071","","LA code","LA name","Region code","Region name",""
"United Kingdom","K02000001","19,620","609.8","726.6","","","","","","","Arun","313726","","E06000001","Hartlepool","E12000001","North East",""
"Great Britain","K03000001","18,668","612.2","729.9","","","","","","","Ashfield","162845","","E06000002","Middlesbrough","E12000001","North East",""
"England and Wales","K04000001","17,062","611.4","732.6","","","","","","","Ashford","310845","","E06000003","Redcar and Cleveland","E12000001","North East",""
"England","E92000001","16,188","613.3","737.7","","","","","","","Babergh","297979","","E06000004","Stockton-on-Tees","E12000001","North East",""
"North East ","E12000001","692","546.7","637.9","","","","","","","Barking and Dagenham","312288","","E06000005","Darlington","E12000001","North East",""
"Darlington","E06000005","31","583.3","669.9","","","","","","","Barnet","544682","","E06000006","Halton","E12000002","North West",""
"Hartlepool","E06000001","25","574.5","610.0","","","","","","","Barnsley","143469","","E06000007","Warrington","E12000002","North West",""
"Middlesbrough","E06000002","33","527.6","594.9","","","","","","","Barrow-in-Furness","131544","","E06000008","Blackburn with Darwen","E12000002","North West",""
"Redcar and Cleveland","E06000003","34","503.2","574.9","","","","","","","Basildon","329141","","E06000009","Blackpool","E12000002","North West",""
"Stockton-on-Tees","E06000004","52","576.3","661.1","","","","","","","Basingstoke and Deane","318849","","E06000010","Kingston upon Hull, City of","E12000003","Yorkshire and The Humber",""
"County Durham","E06000047","147","548.5","633.2","","","","","","","Bassetlaw","175680","","E06000011","East Riding of Yorkshire","E12000003","Yorkshire and The Humber",""
"Northumberland","E06000057","76","572.1","667.8","","","","","","","Bath and North East Somerset","376033","","E06000012","North East Lincolnshire","E12000003","Yorkshire and The Humber",""
"Tyne and Wear Met County","E11000007","294","536.3","639.6","","","","","","","Bedford","298449","","E06000013","North Lincolnshire","E12000003","Yorkshire and The Humber",""
"Gateshead","E08000037","52","539.5","638.9","","","","","","","Bexley","358959","","E06000014","York","E12000003","Yorkshire and The Humber",""
"Newcastle upon Tyne","E08000021","72","601.9","712.2","","","","","","","Birmingham","207523","","E06000015","Derby","E12000004","East Midlands",""
"North Tyneside","E08000022","59","575.1","683.5","","","","","","","Blaby","247808","","E06000016","Leicester","E12000004","East Midlands",""
"South Tyneside","E08000023","35","517.8","607.2","","","","","","","Blackburn with Darwen","127154","","E06000017","Rutland","E12000004","East Midlands",""
"Sunderland","E08000024","75","484.5","550.4","","","","","","","Blackpool","116939","","E06000018","Nottingham","E12000004","East Midlands",""
"North West ","E12000002","1,999","575.2","671.3","","","","","","","Bolsover","150322","","E06000019","Herefordshire, County of","E12000005","West Midlands",""
"Blackburn with Darwen","E06000008","34","530.7","578.0","","","","","","","Bolton","152837","","E06000020","Telford and Wrekin","E12000005","West Midlands",""
"Blackpool","E06000009","40","470.3","537.0","","","","","","","Boston","167795","","E06000021","Stoke-on-Trent","E12000005","West Midlands",""
"Halton","E06000006","39","588.5","666.3","","","","","","","Bournemouth Christchurch and Poole","300899","","E06000022","Bath and North East Somerset","E12000009","South West",""
"Warrington","E06000007","73","617.1","701.7","","","","","","","Bracknell Forest","329951","","E06000023","Bristol, City of","E12000009","South West",""
"Cheshire East","E06000049","116","626.5","757.3","","","","","","","Bradford","151970","","E06000024","North Somerset","E12000009","South West",""
"Cheshire West and Chester ","E06000050","116","608.8","717.8","","","","","","","Braintree","296716","","E06000025","South Gloucestershire","E12000009","South West",""
"Cumbria","E10000006","148","596.0","685.7","","","","","","","Breckland","254312","","E06000026","Plymouth","E12000009","South West",""
"Allerdale","E07000026","34","644.5","726.3","","","","","","","Brent","479010","","E06000027","Torbay","E12000009","South West",""
"Barrow-in-Furness","E07000027","20","632.1","680.1","","","","","","","Brentwood","440316","","E06000030","Swindon","E12000009","South West",""
"Carlisle","E07000028","27","548.6","608.1","","","","","","","Brighton and Hove","400060","","E06000031","Peterborough","E12000006","East",""
"  Copeland","E07000029","22","868.8","826.8","","","","","","","Broadland","291896","","E06000032","Luton","E12000006","East",""
"  Eden","E07000030","14","583.8","621.5","","","","","","","Bromley","456681","","E06000033","Southend-on-Sea","E12000006","East",""
"  South Lakeland","E07000031","32","558.8","642.3","","","","","","","Bromsgrove","311587","","E06000034","Thurrock","E12000006","East",""
"Greater Manchester Met County","E11000001","714","568.5","672.7","","","","","","","Broxbourne","374805","","E06000035","Medway","E12000008","South East",""
"  Bolton","E08000001","66","528.3","641.9","","","","","","","Broxtowe","216470","","E06000036","Bracknell Forest","E12000008","South East",""
"  Bury","E08000002","52","607.8","690.1","","","","","","","Buckinghamshire","422076","","E06000037","West Berkshire","E12000008","South East",""
"  Manchester","E08000003","122","531.3","638.2","","","","","","","Burnley","105618","","E06000038","Reading","E12000008","South East",""
"  Oldham","E08000004","58","547.3","640.1","","","","","","","Bury","217288","","E06000039","Slough","E12000008","South East",""
"  Rochdale","E08000005","50","518.4","619.2","","","","","","","Calderdale","167426","","E06000040","Windsor and Maidenhead","E12000008","South East",""
"  Salford","E08000006","72","552.6","624.2","","","","","","","Cambridge","498370","","E06000041","Wokingham","E12000008","South East",""
"  Stockport","E08000007","84","632.3","755.2","","","","","","","Cambridgeshire","316991","","E06000042","Milton Keynes","E12000008","South East",""
"  Tameside","E08000008","55","528.5","620.9","","","","","","","Camden","812624","","E06000043","Brighton and Hove","E12000008","South East",""
"  Trafford","E08000009","64","663.0","827.8","","","","","","","Cannock Chase","201477","","E06000044","Portsmouth","E12000008","South East",""
"  Wigan","E08000010","92","583.6","665.3","","","","","","","Canterbury","319851","","E06000045","Southampton","E12000008","South East",""
"Lancashire","E10000017","328","574.9","661.6","","","","","","","Carlisle","141744","","E06000046","Isle of Wight","E12000008","South East",""
"  Burnley","E07000117","22","530.5","597.7","","","","","","","Castle Point","325642","","E06000047","County Durham","E12000001","North East",""
"  Chorley","E07000118","37","645.1","745.5","","","","","","","Central Bedfordshire","323583","","E06000049","Cheshire East","E12000002","North West",""
"  Fylde","E07000119","24","604.7","731.2","","","","","","","Charnwood","256412","","E06000050","Cheshire West and Chester","E12000002","North West",""
"  Hyndburn","E07000120","21","523.3","648.4","","","","","","","Chelmsford","349531","","E06000051","Shropshire","E12000005","West Midlands",""
"  Lancaster","E07000121","37","611.8","663.0","","","","","","","Cheltenham","298720","","E06000052","Cornwall","E12000009","South West",""
"  Pendle","E07000122","18","479.9","564.6","","","","","","","Cherwell","305403","","E06000053","Isles of Scilly","E12000009","South West",""
"  Preston","E07000123","38","534.5","635.9","","","","","","","Cheshire East","252137","","E06000054","Wiltshire","E12000009","South West",""
"  Ribble Valley","E07000124","19","616.2","727.9","","","","","","","Cheshire West and Chester","234481","","E06000055","Bedford","E12000006","East",""
"  Rossendale","E07000125","16","570.6","637.7","","","","","","","Chesterfield","173885","","E06000056","Central Bedfordshire","E12000006","East",""
"South Ribble","E07000126","33","549.1","635.7","","","","","","","Chichester","396771","","E06000057","Northumberland","E12000001","North East",""
"West Lancashire","E07000127","32","564.7","648.8","","","","","","","Chorley","197511","","E06000058","Bournemouth, Christchurch and Poole","E12000009","South West",""
"  Wyre","E07000128","31","584.6","660.1","","","","","","","City of Derby","173233","","E06000059","Dorset","E12000009","South West",""
"Merseyside Met County","E11000002","392","576.9","649.0","","","","","","","City of Kingston upon Hull","117397","","E06000060","Buckinghamshire","E12000008","South East",""
"  Knowsley","E08000011","44","572.2","632.6","","","","","","","City of London","793432","","E06000061","North Northamptonshire ","E12000004","East Midlands",""
"  Liverpool","E08000012","129","586.7","651.1","","","","","","","City of Nottingham","172540","","E06000062","West Northamptonshire ","E12000004","East Midlands",""
"  St. Helens","E08000013","49","577.2","666.7","","","","","","","Peterborough","206329","","E07000008","Cambridge","E12000006","East",""
"  Sefton","E08000014","74","585.1","653.9","","","","","","","Plymouth","188957","","E07000009","East Cambridgeshire","E12000006","East",""
"  Wirral","E08000015","96","569.6","640.7","","","","","","","Westminster","918858","","E07000010","Fenland","E12000006","East",""
"Yorkshire and The Humber ","E12000003","1,539","567.2","658.1","","","","","","","Bristol","277950","","E07000011","Huntingdonshire","E12000006","East",""
"East Riding of Yorkshire","E06000011","107","609.0","694.1","","","","","","","Copeland","138099","","E07000012","South Cambridgeshire","E12000006","East",""
"City of Kingston upon Hull","E06000010","80","517.7","558.9","","","","","","","Corby","190811","","E07000026","Allerdale","E12000002","North West",""
"North East Lincolnshire","E06000012","40","556.0","622.9","","","","","","","Cornwall","270079","","E07000027","Barrow-in-Furness","E12000002","North West",""
"North Lincolnshire","E06000013","46","582.9","677.5","","","","","","","Cotswold","414427","","E07000028","Carlisle","E12000002","North West",""
"York","E06000014","67","600.5","725.7","","","","","","","County Durham","117576","","E07000029","Copeland","E12000002","North West",""
"North Yorkshire","E10000023","183","582.4","694.7","","","","","","","Coventry","198402","","E07000030","Eden","E12000002","North West",""
"  Craven","E07000163","15","525.1","721.7","","","","","","","Craven","245181","","E07000031","South Lakeland","E12000002","North West",""
"  Hambleton","E07000164","22","577.4","651.5","","","","","","","Crawley","292562","","E07000032","Amber Valley","E12000004","East Midlands",""
"  Harrogate","E07000165","55","651.7","767.2","","","","","","","Croydon","394879","","E07000033","Bolsover","E12000004","East Midlands",""
"  Richmondshire","E07000166","11","515.6","613.3","","","","","","","Cumbria","172079","","E07000034","Chesterfield","E12000004","East Midlands",""
"  Ryedale","E07000167","16","501.8","578.2","","","","","","","Dacorum","432507","","E07000035","Derbyshire Dales","E12000004","East Midlands",""
"  Scarborough","E07000168","31","543.9","602.9","","","","","","","Darlington","139574","","E07000036","Erewash","E12000004","East Midlands",""
"  Selby","E07000169","33","608.2","760.5","","","","","","","Dartford","319069","","E07000037","High Peak","E12000004","East Midlands",""
"South Yorkshire Met County","E11000003","358","567.1","649.7","","","","","","","Daventry","286365","","E07000038","North East Derbyshire","E12000004","East Midlands",""
"  Barnsley","E08000016","70","534.6","641.9","","","","","","","Derbyshire","203263","","E07000039","South Derbyshire","E12000004","East Midlands",""
"  Doncaster","E08000017","86","568.8","645.8","","","","","","","Derbyshire Dales","295813","","E07000040","East Devon","E12000009","South West",""
"  Rotherham","E08000018","66","536.6","615.8","","","","","","","Devon","291369","","E07000041","Exeter","E12000009","South West",""
"  Sheffield","E08000019","137","590.8","672.3","","","","","","","Doncaster","146778","","E07000042","Mid Devon","E12000009","South West",""
"West Yorkshire Met County","E11000006","658","558.6","652.5","","","","","","","Dorset","320064","","E07000043","North Devon","E12000009","South West",""
"  Bradford","E08000032","135","546.1","633.5","","","","","","","Dover","282216","","E07000044","South Hams","E12000009","South West",""
"  Calderdale","E08000033","60","533.6","650.1","","","","","","","Dudley","198745","","E07000045","Teignbridge","E12000009","South West",""
"  Kirklees","E08000034","129","544.1","640.4","","","","","","","Ealing","504519","","E07000046","Torridge","E12000009","South West",""
"  Leeds","E08000035","231","596.3","681.8","","","","","","","East Cambridgeshire","306249","","E07000047","West Devon","E12000009","South West",""
"  Wakefield","E08000036","102","523.7","628.3","","","","","","","East Devon","311456","","E07000061","Eastbourne","E12000008","South East",""
"East Midlands ","E12000004","1,401","572.3","666.5","","","","","","","East Hampshire","395675","","E07000062","Hastings","E12000008","South East",""
"Derby","E06000015","71","579.0","671.3","","","","","","","East Hertfordshire","411399","","E07000063","Lewes","E12000008","South East",""
"Leicester","E06000016","92","512.7","577.8","","","","","","","East Lindsey","190946","","E07000064","Rother","E12000008","South East",""
"Northamptonshire","E06000061","121","575.0","686.7","","","","","","","East Northamptonshire","260198","","E07000065","Wealden","E12000008","South East",""
"Nottingham","E06000018","59","490.6","567.5","","","","","","","East Riding of Yorkshire","197411","","E07000066","Basildon","E12000006","East",""
"Rutland","E06000017","12","680.7","737.4","","","","","","","East Staffordshire","202189","","E07000067","Braintree","E12000006","East",""
"West Northamptonshire","E06000062","137","598.5","724.1","","","","","","","East Suffolk","270149","","E07000068","Brentwood","E12000006","East",""
"Derbyshire","E10000007","233","585.3","690.1","","","","","","","Eastbourne","251987","","E07000069","Castle Point","E12000006","East",""
"  Amber Valley","E07000032","42","601.1","728.1","","","","","","","Eastleigh","309922","","E07000070","Chelmsford","E12000006","East",""
"  Bolsover","E07000033","23","522.3","640.2","","","","","","","Eden","230128","","E07000071","Colchester","E12000006","East",""
"  Chesterfield","E07000034","28","547.7","618.9","","","","","","","Elmbridge","648150","","E07000072","Epping Forest","E12000006","East",""
"  Derbyshire Dales","E07000035","14","566.4","749.0","","","","","","","Enfield","422476","","E07000073","Harlow","E12000006","East",""
"  Erewash","E07000036","36","611.3","698.5","","","","","","","England","268380","","E07000074","Maldon","E12000006","East",""
"  High Peak","E07000037","25","563.8","657.6","","","","","","","Epping Forest","491647","","E07000075","Rochford","E12000006","East",""
"  North East Derbyshire","E07000038","24","583.0","698.2","","","","","","","Epsom and Ewell","495577","","E07000076","Tendring","E12000006","East",""
"  South Derbyshire","E07000039","42","630.1","714.9","","","","","","","Erewash","189897","","E07000077","Uttlesford","E12000006","East",""
"Leicestershire","E10000018","215","590.4","673.9","","","","","","","Essex","334659","","E07000078","Cheltenham","E12000009","South West",""
"  Blaby","E07000129","32","587.3","696.6","","","","","","","Exeter","280348","","E07000079","Cotswold","E12000009","South West",""
"  Charnwood","E07000130","55","555.5","622.4","","","","","","","Fareham","308641","","E07000080","Forest of Dean","E12000009","South West",""
"  Harborough","E07000131","30","651.2","745.6","","","","","","","Fenland","202057","","E07000081","Gloucester","E12000009","South West",""
"  Hinckley and Bosworth","E07000132","38","575.6","664.6","","","","","","","Folkestone and Hythe","285851","","E07000082","Stroud","E12000009","South West",""
"  Melton","E07000133","13","494.0","573.0","","","","","","","Forest of Dean","272105","","E07000083","Tewkesbury","E12000009","South West",""
"  North West Leicestershire","E07000134","31","642.6","729.8","","","","","","","Gateshead","147334","","E07000084","Basingstoke and Deane","E12000008","South East",""
"  Oadby and Wigston","E07000135","17","575.5","668.6","","","","","","","Gedling","206685","","E07000085","East Hampshire","E12000008","South East",""
"Lincolnshire","E10000019","228","573.7","646.3","","","","","","","Gloucester","213471","","E07000086","Eastleigh","E12000008","South East",""
"  Boston","E07000136","22","495.7","552.7","","","","","","","Gloucestershire","290133","","E07000087","Fareham","E12000008","South East",""
"  East Lindsey","E07000137","34","527.6","578.7","","","","","","","Gosport","223629","","E07000088","Gosport","E12000008","South East",""
"  Lincoln","E07000138","27","560.3","620.0","","","","","","","Gravesham","290546","","E07000089","Hart","E12000008","South East",""
"  North Kesteven","E07000139","41","609.0","681.4","","","","","","","Great Yarmouth","186205","","E07000090","Havant","E12000008","South East",""
"  South Holland","E07000140","33","574.9","676.5","","","","","","","Greenwich","399475","","E07000091","New Forest","E12000008","South East",""
"  South Kesteven","E07000141","42","583.1","688.2","","","","","","","Guildford","468337","","E07000092","Rushmoor","E12000008","South East",""
"  West Lindsey","E07000142","30","609.7","675.1","","","","","","","Hackney","599308","","E07000093","Test Valley","E12000008","South East",""
"Nottinghamshire","E10000024","234","564.6","666.4","","","","","","","Halton","168026","","E07000094","Winchester","E12000008","South East",""
"  Ashfield","E07000170","37","535.5","609.1","","","","","","","Hambleton","263344","","E07000095","Broxbourne","E12000006","East",""
"  Bassetlaw","E07000171","38","503.7","570.3","","","","","","","Hammersmith and Fulham","703385","","E07000096","Dacorum","E12000006","East",""
"  Broxtowe","E07000172","31","652.3","782.6","","","","","","","Hampshire","335453","","E07000098","Hertsmere","E12000006","East",""
"  Gedling","E07000173","30","574.0","640.7","","","","","","","Harborough","323413","","E07000099","North Hertfordshire","E12000006","East",""
"  Mansfield","E07000174","30","517.7","572.6","","","","","","","Haringey","561253","","E07000102","Three Rivers","E12000006","East",""
"  Newark and Sherwood","E07000175","32","596.4","701.8","","","","","","","Harlow","291561","","E07000103","Watford","E12000006","East",""
"  Rushcliffe","E07000176","37","660.8","794.3","","","","","","","Harrow","502786","","E07000105","Ashford","E12000008","South East",""
"West Midlands ","E12000005","1,581","578.9","694.2","","","","","","","Hart","437500","","E07000106","Canterbury","E12000008","South East",""
"Herefordshire","E06000019","51","565.5","660.9","","","","","","","Hartlepool","125482","","E07000107","Dartford","E12000008","South East",""
"Stoke-on-Trent","E06000021","77","518.2","599.1","","","","","","","Hastings","245346","","E07000108","Dover","E12000008","South East",""
"Telford and Wrekin","E06000020","60","559.2","614.2","","","","","","","Havant","291051","","E07000109","Gravesham","E12000008","South East",""
"Shropshire","E06000051","85","575.4","704.7","","","","","","","Havering","385572","","E07000110","Maidstone","E12000008","South East",""
"Staffordshire","E10000028","266","599.3","674.2","","","","","","","Herefordshire","257284","","E07000111","Sevenoaks","E12000008","South East",""
"  Cannock Chase","E07000192","32","582.8","623.3","","","","","","","Hertfordshire","421187","","E07000112","Folkestone and Hythe","E12000008","South East",""
"  East Staffordshire","E07000193","34","574.8","673.0","","","","","","","Hertsmere","494153","","E07000113","Swale","E12000008","South East",""
"  Lichfield","E07000194","33","684.3","775.3","","","","","","","High Peak","227331","","E07000114","Thanet","E12000008","South East",""
"  Newcastle-under-Lyme","E07000195","38","564.6","603.1","","","","","","","Hillingdon","432341","","E07000115","Tonbridge and Malling","E12000008","South East",""
"  South Staffordshire","E07000196","35","628.1","697.7","","","","","","","Hinckley and Bosworth","244244","","E07000116","Tunbridge Wells","E12000008","South East",""
"  Stafford","E07000197","42","613.3","712.3","","","","","","","Horsham","391008","","E07000117","Burnley","E12000002","North West",""
"  Staffordshire Moorlands","E07000198","29","602.6","660.4","","","","","","","Hounslow","427900","","E07000118","Chorley","E12000002","North West",""
"  Tamworth","E07000199","23","559.5","627.6","","","","","","","Huntingdonshire","279654","","E07000119","Fylde","E12000002","North West",""
"Warwickshire","E10000031","191","641.3","781.2","","","","","","","Hyndburn","107148","","E07000120","Hyndburn","E12000002","North West",""
"  North Warwickshire","E07000218","20","622.5","736.6","","","","","","","Ipswich","211088","","E07000121","Lancaster","E12000002","North West",""
"  Nuneaton and Bedworth","E07000219","43","561.6","628.3","","","","","","","Isle of Wight","255153","","E07000122","Pendle","E12000002","North West",""
"  Rugby","E07000220","38","658.4","757.1","","","","","","","Islington","673362","","E07000123","Preston","E12000002","North West",""
"  Stratford-on-Avon","E07000221","39","674.7","882.0","","","","","","","Kensington and Chelsea","1129971","","E07000124","Ribble Valley","E12000002","North West",""
"  Warwick","E07000222","52","724.8","868.4","","","","","","","Kent","318983","","E07000125","Rossendale","E12000002","North West",""
"West Midlands Met County","E11000005","665","574.9","700.7","","","","","","","Kettering","221909","","E07000126","South Ribble","E12000002","North West",""
"  Birmingham","E08000025","221","562.7","651.5","","","","","","","King's Lynn and West Norfolk","243534","","E07000127","West Lancashire","E12000002","North West",""
"Coventry","E08000026","91","602.6","681.0","","","","","","","Kingston upon Thames","501788","","E07000128","Wyre","E12000002","North West",""
"  Dudley","E08000027","88","589.1","654.3","","","","","","","Kirklees","167869","","E07000129","Blaby","E12000004","East Midlands",""
"  Sandwell","E08000028","80","536.1","584.8","","","","","","","Knowsley","142030","","E07000130","Charnwood","E12000004","East Midlands",""
"  Solihull","E08000029","59","684.1","x","","","","","","","Lambeth","547505","","E07000131","Harborough","E12000004","East Midlands",""
"  Walsall","E08000030","63","547.8","684.7","","","","","","","Lancashire","163381","","E07000132","Hinckley and Bosworth","E12000004","East Midlands",""
"  Wolverhampton","E08000031","63","562.1","628.5","","","","","","","Lancaster","175350","","E07000133","Melton","E12000004","East Midlands",""
"Worcestershire","E10000034","187","576.9","679.9","","","","","","","Leeds","211228","","E07000134","North West Leicestershire","E12000004","East Midlands",""
"  Bromsgrove","E07000234","31","668.3","757.9","","","","","","","Leicester","204208","","E07000135","Oadby and Wigston","E12000004","East Midlands",""
"  Malvern Hills","E07000235","19","595.6","702.2","","","","","","","Lewes","345310","","E07000136","Boston","E12000004","East Midlands",""
"  Redditch","E07000236","32","504.7","607.9","","","","","","","Lewisham","458056","","E07000137","East Lindsey","E12000004","East Midlands",""
"  Worcester","E07000237","38","579.2","705.1","","","","","","","Lichfield","280163","","E07000138","Lincoln","E12000004","East Midlands",""
"  Wychavon","E07000238","39","552.2","654.4","","","","","","","Lincoln","167478","","E07000139","North Kesteven","E12000004","East Midlands",""
"  Wyre Forest","E07000239","29","582.3","663.1","","","","","","","Lincolnshire","203035","","E07000140","South Holland","E12000004","East Midlands",""
"East ","E12000006","1,866","625.5","752.2","","","","","","","Liverpool","159660","","E07000141","South Kesteven","E12000004","East Midlands",""
"Bedford","E06000055","64","624.5","732.6","","","","","","","Luton","242963","","E07000142","West Lindsey","E12000004","East Midlands",""
"Central Bedfordshire","E06000056","106","680.6","769.7","","","","","","","Maidstone","313622","","E07000143","Breckland","E12000006","East",""
"Luton","E06000032","51","583.0","643.3","","","","","","","Maldon","371083","","E07000144","Broadland","E12000006","East",""
"Peterborough","E06000031","67","564.7","652.7","","","","","","","Malvern Hills","288347","","E07000145","Great Yarmouth","E12000006","East",""
"Southend-on-Sea","E06000033","45","667.3","798.2","","","","","","","Manchester","203169","","E07000146","King's Lynn and West Norfolk","E12000006","East",""
"Thurrock","E06000034","48","670.0","773.0","","","","","","","Mansfield","154237","","E07000147","North Norfolk","E12000006","East",""
"Cambridgeshire","E10000003","224","662.0","773.6","","","","","","","Medway","260518","","E07000148","Norwich","E12000006","East",""
"  Cambridge","E07000008","41","728.9","860.5","","","","","","","Melton","272866","","E07000149","South Norfolk","E12000006","East",""
"  East Cambridgeshire","E07000009","30","625.6","796.0","","","","","","","Mendip","285346","","E07000163","Craven","E12000003","Yorkshire and The Humber",""
"  Fenland","E07000010","31","548.6","630.6","","","","","","","Merton","545179","","E07000164","Hambleton","E12000003","Yorkshire and The Humber",""
"  Huntingdonshire","E07000011","64","588.9","689.1","","","","","","","Mid Devon","274732","","E07000165","Harrogate","E12000003","Yorkshire and The Humber",""
"  South Cambridgeshire","E07000012","57","776.7","873.6","","","","","","","Mid Suffolk","294666","","E07000166","Richmondshire","E12000003","Yorkshire and The Humber",""
"Essex","E10000012","404","631.7","765.7","","","","","","","Mid Sussex","403382","","E07000167","Ryedale","E12000003","Yorkshire and The Humber",""
"  Basildon","E07000066","53","630.4","736.7","","","","","","","Middlesbrough","125115","","E07000168","Scarborough","E12000003","Yorkshire and The Humber",""
"  Braintree","E07000067","47","600.9","720.4","","","","","","","Milton Keynes","271641","","E07000169","Selby","E12000003","Yorkshire and The Humber",""
"  Brentwood","E07000068","17","665.4","1,083.5","","","","","","","New Forest","364425","","E07000170","Ashfield","E12000004","East Midlands",""
"  Castle Point","E07000069","24","620.8","728.8","","","","","","","Newark and Sherwood","198338","","E07000171","Bassetlaw","E12000004","East Midlands",""
"  Chelmsford","E07000070","47","659.2","813.5","","","","","","","Newcastle upon Tyne","177821","","E07000172","Broxtowe","E12000004","East Midlands",""
"  Colchester","E07000071","58","590.2","694.7","","","","","","","Newcastle-under-Lyme","165937","","E07000173","Gedling","E12000004","East Midlands",""
"  Epping Forest","E07000072","35","664.8","813.1","","","","","","","Newham","382016","","E07000174","Mansfield","E12000004","East Midlands",""
"  Harlow","E07000073","28","532.5","612.8","","","","","","","Norfolk","252848","","E07000175","Newark and Sherwood","E12000004","East Midlands",""
"  Maldon","E07000074","17","726.1","886.5","","","","","","","North Devon","280072","","E07000176","Rushcliffe","E12000004","East Midlands",""
"  Rochford","E07000075","20","751.8","918.9","","","","","","","North East Derbyshire","222373","","E07000177","Cherwell","E12000008","South East",""
"  Tendring","E07000076","33","573.7","668.7","","","","","","","North Hertfordshire","374756","","E07000178","Oxford","E12000008","South East",""
"  Uttlesford","E07000077","25","719.4","835.4","","","","","","","North Kesteven","226023","","E07000179","South Oxfordshire","E12000008","South East",""
"Hertfordshire","E10000015","374","704.9","860.6","","","","","","","North Lincolnshire","162999","","E07000180","Vale of White Horse","E12000008","South East",""
"  Broxbourne","E07000095","30","684.1","811.8","","","","","","","North Norfolk","281947","","E07000181","West Oxfordshire","E12000008","South East",""
"  Dacorum","E07000096","47","689.9","814.3","","","","","","","North Somerset","279484","","E07000187","Mendip","E12000009","South West",""
"  East Hertfordshire","E07000242","50","760.4","961.2","","","","","","","North Tyneside","186130","","E07000188","Sedgemoor","E12000009","South West",""
"  Hertsmere","E07000098","24","664.6","777.3","","","","","","","North Warwickshire","220166","","E07000189","South Somerset","E12000009","South West",""
"  North Hertfordshire","E07000099","47","766.1","853.0","","","","","","","North West Leicestershire","231152","","E07000192","Cannock Chase","E12000005","West Midlands",""
"  St Albans","E07000240","51","862.4","1,119.0","","","","","","","North Yorkshire","240726","","E07000193","East Staffordshire","E12000005","West Midlands",""
"  Stevenage","E07000243","27","577.8","759.7","","","","","","","Northampton","226442","","E07000194","Lichfield","E12000005","West Midlands",""
"  Three Rivers","E07000102","30","663.5","816.2","","","","","","","Northamptonshire","244691","","E07000195","Newcastle-under-Lyme","E12000005","West Midlands",""
"  Watford","E07000103","34","617.2","730.0","","","","","","","Northumberland","164879","","E07000196","South Staffordshire","E12000005","West Midlands",""
"  Welwyn Hatfield","E07000241","35","670.8","757.0","","","","","","","Norwich","215448","","E07000197","Stafford","E12000005","West Midlands",""
"Norfolk","E10000020","257","564.6","658.4","","","","","","","Nottingham","198821","","E07000198","Staffordshire Moorlands","E12000005","West Midlands",""
"  Breckland","E07000143","38","521.1","620.4","","","","","","","Nuneaton and Bedworth","197832","","E07000199","Tamworth","E12000005","West Midlands",""
"  Broadland","E07000144","36","564.8","660.0","","","","","","","Oldham","162245","","E07000200","Babergh","E12000006","East",""
"  Great Yarmouth","E07000145","28","516.9","613.7","","","","","","","Oxford","439740","","E07000202","Ipswich","E12000006","East",""
"  King's Lynn and West Norfolk","E07000146","47","558.2","641.9","","","","","","","Oxfordshire","377004","","E07000203","Mid Suffolk","E12000006","East",""
"  North Norfolk","E07000147","20","559.4","638.2","","","","","","","Pendle","120840","","E07000207","Elmbridge","E12000008","South East",""
"  Norwich","E07000148","46","601.2","709.5","","","","","","","Portsmouth","225219","","E07000208","Epsom and Ewell","E12000008","South East",""
"  South Norfolk","E07000149","42","600.4","694.6","","","","","","","Preston","143743","","E07000209","Guildford","E12000008","South East",""
"Suffolk","E10000029","226","572.4","671.9","","","","","","","Reading","297944","","E07000210","Mole Valley","E12000008","South East",""
"  Babergh","E07000200","30","574.9","730.2","","","","","","","Redcar and Cleveland","138156","","E07000211","Reigate and Banstead","E12000008","South East",""
"  Ipswich","E07000202","48","552.0","635.2","","","","","","","Redditch","235097","","E07000212","Runnymede","E12000008","South East",""
"  Mid Suffolk","E07000203","35","597.9","670.3","","","","","","","Reigate and Banstead","451219","","E07000213","Spelthorne","E12000008","South East",""
"  East Suffolk","E07000244","64","547.6","631.5","","","","","","","Ribble Valley","238442","","E07000214","Surrey Heath","E12000008","South East",""
"  West Suffolk","E07000245","49","578.8","727.1","","","","","","","Richmond upon Thames","696476","","E07000215","Tandridge","E12000008","South East",""
"London ","E12000007","2,481","731.6","910.7","","","","","","","Richmondshire","236312","","E07000216","Waverley","E12000008","South East",""
"Inner London","E13000001","1,026","767.7","983.2","","","","","","","Rochdale","161055","","E07000217","Woking","E12000008","South East",""
"  Camden","E09000007","55","787.1","984.1","","","","","","","Rochford","369813","","E07000218","North Warwickshire","E12000005","West Midlands",""
"  City of London","E09000001","x","x","x","","","","","","","Rossendale","172138","","E07000219","Nuneaton and Bedworth","E12000005","West Midlands",""
"  Hackney","E09000012","72","703.3","880.7","","","","","","","Rother","321216","","E07000220","Rugby","E12000005","West Midlands",""
"  Hammersmith and Fulham","E09000013","66","803.0","x","","","","","","","Rotherham","161287","","E07000221","Stratford-on-Avon","E12000005","West Midlands",""
"  Haringey","E09000014","67","704.9","819.9","","","","","","","Rugby","264706","","E07000222","Warwick","E12000005","West Midlands",""
"  Islington","E09000019","74","784.7","1,017.0","","","","","","","Runnymede","420430","","E07000223","Adur","E12000008","South East",""
"  Kensington and Chelsea","E09000020","33","977.0","1,401.7","","","","","","","Rushcliffe","303094","","E07000224","Arun","E12000008","South East",""
"  Lambeth","E09000022","111","747.4","919.8","","","","","","","Rushmoor","293947","","E07000225","Chichester","E12000008","South East",""
"  Lewisham","E09000023","82","708.0","857.3","","","","","","","Ryedale","249601","","E07000226","Crawley","E12000008","South East",""
"  Newham","E09000025","87","677.1","775.8","","","","","","","Salford","182091","","E07000227","Horsham","E12000008","South East",""
"  Southwark","E09000028","103","728.9","874.1","","","","","","","Sandwell","170285","","E07000228","Mid Sussex","E12000008","South East",""
"  Tower Hamlets","E09000030","96","797.5","970.5","","","","","","","Scarborough","178786","","E07000229","Worthing","E12000008","South East",""
"  Wandsworth","E09000032","116","838.4","1,097.3","","","","","","","Sedgemoor","250088","","E07000234","Bromsgrove","E12000005","West Midlands",""
"  Westminster","E09000033","59","840.5","1,083.3","","","","","","","Sefton","188244","","E07000235","Malvern Hills","E12000005","West Midlands",""
"Outer London","E13000002","1,456","706.7","859.6","","","","","","","Selby","220197","","E07000236","Redditch","E12000005","West Midlands",""
"  Barking and Dagenham","E09000002","42","639.4","719.6","","","","","","","Sheffield","192258","","E07000237","Worcester","E12000005","West Midlands",""
"  Barnet","E09000003","97","686.3","882.1","","","","","","","Shropshire","240137","","E07000238","Wychavon","E12000005","West Midlands",""
"  Bexley","E09000004","72","716.0","812.9","","","","","","","Slough","299694","","E07000239","Wyre Forest","E12000005","West Midlands",""
"  Brent","E09000005","87","631.8","757.9","","","","","","","Solihull","304904","","E07000240","St Albans","E12000006","East",""
"  Bromley","E09000006","99","789.6","1,001.1","","","","","","","Somerset","263996","","E07000241","Welwyn Hatfield","E12000006","East",""
"  Croydon","E09000008","118","710.7","816.7","","","","","","","Somerset West and Taunton","263087","","E07000242","East Hertfordshire","E12000006","East",""
"  Ealing","E09000009","107","678.6","879.6","","","","","","","South Cambridgeshire","400439","","E07000243","Stevenage","E12000006","East",""
"  Enfield","E09000010","71","670.5","793.2","","","","","","","South Derbyshire","208047","","E07000244","East Suffolk","E12000006","East",""
"  Greenwich","E09000011","80","739.5","895.9","","","","","","","South Gloucestershire","296012","","E07000245","West Suffolk","E12000006","East",""
"  Harrow","E09000015","65","735.3","871.6","","","","","","","South Hams","355733","","E07000246","Somerset West and Taunton","E12000009","South West",""
"  Havering","E09000016","73","706.6","815.4","","","","","","","South Holland","207114","","E08000001","Bolton","E12000002","North West",""
"  Hillingdon","E09000017","92","699.1","761.8","","","","","","","South Kesteven","239729","","E08000002","Bury","E12000002","North West",""
"  Hounslow","E09000018","73","677.1","822.6","","","","","","","South Lakeland","262499","","E08000003","Manchester","E12000002","North West",""
"  Kingston upon Thames","E09000021","56","766.6","959.1","","","","","","","South Norfolk","299379","","E08000004","Oldham","E12000002","North West",""
"  Merton","E09000024","61","690.1","911.8","","","","","","","South Northamptonshire","350063","","E08000005","Rochdale","E12000002","North West",""
"  Redbridge","E09000026","66","729.9","847.7","","","","","","","South Oxfordshire","481669","","E08000006","Salford","E12000002","North West",""
"  Richmond upon Thames","E09000027","58","818.3","1,107.4","","","","","","","South Ribble","180669","","E08000007","Stockport","E12000002","North West",""
"  Sutton","E09000029","63","699.6","851.9","","","","","","","South Staffordshire","262189","","E08000008","Tameside","E12000002","North West",""
"  Waltham Forest","E09000031","78","729.4","844.4","","","","","","","South Tyneside","148293","","E08000009","Trafford","E12000002","North West",""
"South East ","E12000008","3,031","660.0","784.4","","","","","","","Southampton","217646","","E08000010","Wigan","E12000002","North West",""
"Bracknell Forest","E06000036","47","726.5","809.7","","","","","","","Southend-on-Sea","306542","","E08000011","Knowsley","E12000002","North West",""
"Brighton and Hove","E06000043","100","617.8","735.5","","","","","","","Southwark","527883","","E08000012","Liverpool","E12000002","North West",""
"Buckinghamshire","E06000060","169","689.9","868.0","","","","","","","Spelthorne","375511","","E08000013","St. Helens","E12000002","North West",""
"Isle of Wight","E06000046","31","564.1","634.4","","","","","","","St Albans","542704","","E08000014","Sefton","E12000002","North West",""
"Medway","E06000035","92","602.8","693.4","","","","","","","St Helens","151593","","E08000015","Wirral","E12000002","North West",""
"Milton Keynes","E06000042","98","642.1","750.6","","","","","","","Stafford","220710","","E08000016","Barnsley","E12000003","Yorkshire and The Humber",""
"Portsmouth","E06000044","60","604.0","669.2","","","","","","","Staffordshire","213636","","E08000017","Doncaster","E12000003","Yorkshire and The Humber",""
"Reading","E06000038","65","658.2","808.3","","","","","","","Staffordshire Moorlands","205118","","E08000018","Rotherham","E12000003","Yorkshire and The Humber",""
"Slough","E06000039","48","645.6","715.7","","","","","","","Stevenage","285501","","E08000019","Sheffield","E12000003","Yorkshire and The Humber",""
"Southampton","E06000045","91","608.2","680.4","","","","","","","Stockport","259969","","E08000021","Newcastle upon Tyne","E12000001","North East",""
"West Berkshire","E06000037","62","649.2","833.0","","","","","","","Stockton-on-Tees","146819","","E08000022","North Tyneside","E12000001","North East",""
"Windsor and Maidenhead","E06000040","57","729.0","915.0","","","","","","","Stoke-on-Trent","120043","","E08000023","South Tyneside","E12000001","North East",""
"Wokingham ","E06000041","68","750.1","936.7","","","","","","","Stratford-on-Avon","351742","","E08000024","Sunderland","E12000001","North East",""
"East Sussex","E10000011","150","603.9","720.5","","","","","","","Stroud","301461","","E08000025","Birmingham","E12000005","West Midlands",""
"  Eastbourne","E07000061","26","543.8","675.2","","","","","","","Suffolk","264891","","E08000026","Coventry","E12000005","West Midlands",""
"  Hastings","E07000062","31","543.1","601.4","","","","","","","Sunderland","126520","","E08000027","Dudley","E12000005","West Midlands",""
"  Lewes","E07000063","29","670.7","791.2","","","","","","","Surrey","471606","","E08000028","Sandwell","E12000005","West Midlands",""
"  Rother","E07000064","22","583.0","782.4","","","","","","","Surrey Heath","406922","","E08000029","Solihull","E12000005","West Midlands",""
"  Wealden","E07000065","42","613.3","754.2","","","","","","","Sutton","402550","","E08000030","Walsall","E12000005","West Midlands",""
"Hampshire","E10000014","507","670.7","771.8","","","","","","","Swale","275843","","E08000031","Wolverhampton","E12000005","West Midlands",""
"  Basingstoke and Deane","E07000084","72","726.6","810.8","","","","","","","Swindon","233294","","E08000032","Bradford","E12000003","Yorkshire and The Humber",""
"  East Hampshire","E07000085","50","633.5","799.0","","","","","","","Tameside","176187","","E08000033","Calderdale","E12000003","Yorkshire and The Humber",""
"  Eastleigh","E07000086","56","654.0","734.0","","","","","","","Tamworth","204973","","E08000034","Kirklees","E12000003","Yorkshire and The Humber",""
"  Fareham","E07000087","42","712.2","807.4","","","","","","","Tandridge","485442","","E08000035","Leeds","E12000003","Yorkshire and The Humber",""
"  Gosport","E07000088","32","620.1","675.8","","","","","","","Teignbridge","284292","","E08000036","Wakefield","E12000003","Yorkshire and The Humber",""
"  Hart","E07000089","34","770.7","906.6","","","","","","","Tendring","253594","","E08000037","Gateshead","E12000001","North East",""
"  Havant","E07000090","37","560.1","662.6","","","","","","","Test Valley","355044","","E09000001","City of London","E12000007","London",""
"  New Forest","E07000091","54","635.0","762.0","","","","","","","Tewkesbury","307032","","E09000002","Barking and Dagenham","E12000007","London",""
"  Rushmoor","E07000092","33","680.0","728.7","","","","","","","Thanet","263651","","E09000003","Barnet","E12000007","London",""
"  Test Valley","E07000093","51","634.6","746.1","","","","","","","Three Rivers","530436","","E09000004","Bexley","E12000007","London",""
"  Winchester","E07000094","47","695.6","821.1","","","","","","","Thurrock","293549","","E09000005","Brent","E12000007","London",""
"Kent","E10000016","473","629.8","760.1","","","","","","","Tonbridge and Malling","391882","","E09000006","Bromley","E12000007","London",""
"  Ashford","E07000105","37","597.9","694.9","","","","","","","Torbay","223743","","E09000007","Camden","E12000007","London",""
"  Canterbury","E07000106","43","577.6","718.3","","","","","","","Torridge","252609","","E09000008","Croydon","E12000007","London",""
"  Dartford","E07000107","41","693.0","752.2","","","","","","","Tower Hamlets","473355","","E09000009","Ealing","E12000007","London",""
"  Dover","E07000108","30","642.5","727.5","","","","","","","Trafford","317791","","E09000010","Enfield","E12000007","London",""
"  Gravesham","E07000109","31","612.2","743.5","","","","","","","Tunbridge Wells","414218","","E09000011","Greenwich","E12000007","London",""
"  Maidstone","E07000110","58","629.1","768.0","","","","","","","Uttlesford","431847","","E09000012","Hackney","E12000007","London",""
"  Sevenoaks","E07000111","34","713.0","928.6","","","","","","","Vale of White Horse","371731","","E09000013","Hammersmith and Fulham","E12000007","London",""
"  Folkestone and Hythe","E07000112","32","607.8","675.1","","","","","","","Wakefield","170075","","E09000014","Haringey","E12000007","London",""
"  Swale","E07000113","52","583.3","707.4","","","","","","","Walsall","197962","","E09000015","Harrow","E12000007","London",""
"  Thanet","E07000114","34","556.6","641.4","","","","","","","Waltham Forest","480235","","E09000016","Havering","E12000007","London",""
"  Tonbridge and Malling","E07000115","46","701.5","842.1","","","","","","","Wandsworth","589904","","E09000017","Hillingdon","E12000007","London",""
"  Tunbridge Wells","E07000116","36","698.5","916.7","","","","","","","Warrington","213998","","E09000018","Hounslow","E12000007","London",""
"Oxfordshire","E10000025","265","670.8","781.3","","","","","","","Warwick","316072","","E09000019","Islington","E12000007","London",""
"  Cherwell","E07000177","60","647.6","737.1","","","","","","","Warwickshire","274482","","E09000020","Kensington and Chelsea","E12000007","London",""
"  Oxford","E07000178","54","667.3","756.9","","","","","","","Watford","366961","","E09000021","Kingston upon Thames","E12000007","London",""
"  South Oxfordshire","E07000179","52","727.4","870.0","","","","","","","Waverley","475003","","E09000022","Lambeth","E12000007","London",""
"  Vale of White Horse","E07000180","55","688.4","824.2","","","","","","","Wealden","368326","","E09000023","Lewisham","E12000007","London",""
"  West Oxfordshire","E07000181","43","628.6","710.9","","","","","","","Wellingborough","225419","","E09000024","Merton","E12000007","London",""
"Surrey","E10000030","386","738.8","903.7","","","","","","","Welwyn Hatfield","403839","","E09000025","Newham","E12000007","London",""
"  Elmbridge","E07000207","40","834.6","1,051.8","","","","","","","West Berkshire","355669","","E09000026","Redbridge","E12000007","London",""
"  Epsom and Ewell","E07000208","25","705.7","844.8","","","","","","","West Devon","280161","","E09000027","Richmond upon Thames","E12000007","London",""
"  Guildford","E07000209","53","747.7","919.6","","","","","","","West Lancashire","202735","","E09000028","Southwark","E12000007","London",""
"  Mole Valley","E07000210","28","683.4","938.9","","","","","","","West Lindsey","197067","","E09000029","Sutton","E12000007","London",""
"  Reigate and Banstead","E07000211","43","704.7","849.9","","","","","","","West Oxfordshire","318852","","E09000030","Tower Hamlets","E12000007","London",""
"  Runnymede","E07000212","28","727.9","875.2","","","","","","","West Suffolk","271082","","E09000031","Waltham Forest","E12000007","London",""
"  Spelthorne","E07000213","32","738.0","867.4","","","","","","","West Sussex","346673","","E09000032","Wandsworth","E12000007","London",""
"  Surrey Heath","E07000214","33","798.3","955.3","","","","","","","Wigan","153203","","E09000033","Westminster","E12000007","London",""
"  Tandridge","E07000215","27","725.4","906.4","","","","","","","Wiltshire","298478","","W06000001","Isle of Anglesey","W92000004","Wales",""
"  Waverley","E07000216","41","711.8","870.5","","","","","","","Winchester","431534","","W06000002","Gwynedd","W92000004","Wales",""
"  Woking","E07000217","37","699.5","837.3","","","","","","","Windsor and Maidenhead","491421","","W06000003","Conwy","W92000004","Wales",""
"West Sussex","E10000032","263","608.8","729.4","","","","","","","Wirral","186642","","W06000004","Denbighshire","W92000004","Wales",""
"  Adur","E07000223","16","530.6","641.5","","","","","","","Woking","442868","","W06000005","Flintshire","W92000004","Wales",""
"  Arun","E07000224","40","574.5","648.3","","","","","","","Wokingham","436085","","W06000006","Wrexham","W92000004","Wales",""
"  Chichester","E07000225","31","654.9","731.7","","","","","","","Wolverhampton","167787","","W06000008","Ceredigion","W92000004","Wales",""
"  Crawley","E07000226","40","593.9","702.5","","","","","","","Worcester","224071","","W06000009","Pembrokeshire","W92000004","Wales",""
"  Horsham","E07000227","41","669.6","815.6","","","","","","","Worcestershire","261585","","W06000010","Carmarthenshire","W92000004","Wales",""
"  Mid Sussex","E07000228","57","666.4","794.8","","","","","","","Worthing","303174","","W06000011","Swansea","W92000004","Wales",""
"  Worthing","E07000229","38","576.1","687.0","","","","","","","Wychavon","294065","","W06000012","Neath Port Talbot","W92000004","Wales",""
"South West ","E12000009","1,598","576.1","671.8","","","","","","","Wyre","161499","","W06000013","Bridgend","W92000004","Wales",""
"Bath and North East Somerset","E06000022","50","583.4","735.2","","","","","","","Wyre Forest","223998","","W06000014","Vale of Glamorgan","W92000004","Wales",""
"Bournemouth Christchurch and Poole","E06000058","110","560.9","673.2","","","","","","","York","286987","","W06000015","Cardiff","W92000004","Wales",""
"Bristol","E06000023","158","622.8","715.5","","","","","","","","","","W06000016","Rhondda Cynon Taf","W92000004","Wales",""
"Dorset","E06000059","101","580.3","665.7","","","","","","","","","","W06000018","Caerphilly","W92000004","Wales",""
"North Somerset","E06000024","65","574.8","674.8","","","","","","","","","","W06000019","Blaenau Gwent","W92000004","Wales",""
"Plymouth","E06000026","61","522.0","588.5","","","","","","","","","","W06000020","Torfaen","W92000004","Wales",""
"South Gloucestershire","E06000025","92","613.3","687.8","","","","","","","","","","W06000021","Monmouthshire","W92000004","Wales",""
"Swindon","E06000030","88","583.1","701.9","","","","","","","","","","W06000022","Newport","W92000004","Wales",""
"Torbay","E06000027","40","542.3","600.4","","","","","","","","","","W06000023","Powys","W92000004","Wales",""
"Cornwall","E06000052","122","517.2","583.8","","","","","","","","","","W06000024","Merthyr Tydfil","W92000004","Wales",""
"Isles of Scilly ","E06000053","x","x","760.9","","","","","","","","","","","","","",""
"Wiltshire","E06000054","153","608.6","723.8","","","","","","","","","","","","","",""
"Devon","E10000008","201","566.9","645.1","","","","","","","","","","","","","",""
"  East Devon","E07000040","36","595.5","669.9","","","","","","","","","","","","","",""
"  Exeter","E07000041","38","591.8","659.7","","","","","","","","","","","","","",""
"  Mid Devon","E07000042","24","596.3","664.9","","","","","","","","","","","","","",""
"  North Devon","E07000043","24","511.6","593.9","","","","","","","","","","","","","",""
"  South Hams","E07000044","18","582.4","695.6","","","","","","","","","","","","","",""
"  Teignbridge","E07000045","33","535.3","612.9","","","","","","","","","","","","","",""
"  Torridge","E07000046","17","524.6","641.1","","","","","","","","","","","","","",""
"  West Devon","E07000047","12","535.2","605.8","","","","","","","","","","","","","",""
"Gloucestershire","E10000013","188","601.7","699.9","","","","","","","","","","","","","",""
"  Cheltenham","E07000078","41","657.4","757.7","","","","","","","","","","","","","",""
"  Cotswold","E07000079","25","601.8","725.0","","","","","","","","","","","","","",""
"  Forest of Dean","E07000080","21","604.5","711.0","","","","","","","","","","","","","",""
"  Gloucester","E07000081","40","532.1","641.1","","","","","","","","","","","","","",""
"  Stroud","E07000082","35","576.0","690.3","","","","","","","","","","","","","",""
"  Tewkesbury","E07000083","26","637.8","679.6","","","","","","","","","","","","","",""
"Somerset","E10000027","168","566.8","653.0","","","","","","","","","","","","","",""
"  Mendip","E07000187","32","568.7","697.3","","","","","","","","","","","","","",""
"  Sedgemoor","E07000188","34","542.0","651.1","","","","","","","","","","","","","",""
"  South Somerset","E07000189","54","587.6","665.1","","","","","","","","","","","","","",""
"  Somerset West and Taunton","E07000246","48","545.3","612.1","","","","","","","","","","","","","",""
"Wales  ","W92000004","874","572.5","638.6","","","","","","","","","","","","","",""
"Isle of Anglesey / Ynys Môn","W06000001","20","586.7","634.3","","","","","","","","","","","","","",""
"Gwynedd / Gwynedd","W06000002","28","518.2","594.2","","","","","","","","","","","","","",""
"Conwy / Conwy","W06000003","32","555.1","617.2","","","","","","","","","","","","","",""
"Denbighshire / Sir Ddinbych","W06000004","20","518.9","588.9","","","","","","","","","","","","","",""
"Flintshire / Sir y Fflint","W06000005","50","576.9","661.3","","","","","","","","","","","","","",""
"Wrexham / Wrecsam","W06000006","41","574.9","633.3","","","","","","","","","","","","","",""
"Powys / Powys","W06000023","28","537.0","604.9","","","","","","","","","","","","","",""
"Ceredigion / Ceredigion","W06000008","21","553.6","650.7","","","","","","","","","","","","","",""
"Pembrokeshire / Sir Benfro","W06000009","29","569.4","650.8","","","","","","","","","","","","","",""
"Carmarthenshire / Sir Gaerfyrddin","W06000010","51","573.7","657.7","","","","","","","","","","","","","",""
"Swansea / Abertawe","W06000011","63","554.6","618.5","","","","","","","","","","","","","",""
"Neath Port Talbot / Castell-nedd Port Talbot","W06000012","44","593.8","626.1","","","","","","","","","","","","","",""
"Bridgend / Pen-y-bont ar Ogwr","W06000013","41","577.5","632.0","","","","","","","","","","","","","",""
"Vale of Glamorgan / Bro Morgannwg","W06000014","36","595.6","670.7","","","","","","","","","","","","","",""
"Cardiff / Caerdydd","W06000015","106","574.9","646.4","","","","","","","","","","","","","",""
"Rhondda Cynon Taf / Rhondda Cynon Taf","W06000016","68","563.8","635.4","","","","","","","","","","","","","",""
"Merthyr Tydfil / Merthyr Tudful","W06000024","24","529.3","624.7","","","","","","","","","","","","","",""
"Caerphilly / Caerffili","W06000018","51","562.1","635.5","","","","","","","","","","","","","",""
"Blaenau Gwent / Blaenau Gwent","W06000019","19","522.6","566.2","","","","","","","","","","","","","",""
"Torfaen / Torfaen","W06000020","28","550.7","633.5","","","","","","","","","","","","","",""
"Monmouthshire / Sir Fynwy","W06000021","28","686.2","793.1","","","","","","","","","","","","","",""
"Newport / Casnewydd","W06000022","48","570.3","625.7","","","","","","","","","","","","","",""
"Scotland ","S92000003","1,606","619.9","701.5","","","","","","","","","","","","","",""
"Aberdeen City","S12000033","75","587.8","683.8","","","","","","","","","","","","","",""
"Aberdeenshire","S12000034","61","638.2","745.6","","","","","","","","","","","","","",""
"Angus","S12000041","33","600.0","661.6","","","","","","","","","","","","","",""
"Argyll and Bute","S12000035","23","564.3","610.5","","","","","","","","","","","","","",""
"Clackmannanshire","S12000005","19","639.0","671.1","","","","","","","","","","","","","",""
"Dumfries and Galloway","S12000006","40","552.2","623.9","","","","","","","","","","","","","",""
"Dundee City","S12000042","46","566.6","613.4","","","","","","","","","","","","","",""
"East Ayrshire","S12000008","37","615.1","674.2","","","","","","","","","","","","","",""
"East Dunbartonshire","S12000045","32","754.1","874.0","","","","","","","","","","","","","",""
"East Lothian","S12000010","30","594.0","695.3","","","","","","","","","","","","","",""
"East Renfrewshire","S12000011","26","809.4","977.8","","","","","","","","","","","","","",""
"City of Edinburgh","S12000036","160","635.4","789.2","","","","","","","","","","","","","",""
"Falkirk","S12000014","50","593.2","646.5","","","","","","","","","","","","","",""
"Fife","S12000047","105","610.6","679.2","","","","","","","","","","","","","",""
"Glasgow City","S12000049","169","620.4","698.8","","","","","","","","","","","","","",""
"Highland","S12000017","71","605.7","688.9","","","","","","","","","","","","","",""
"Inverclyde","S12000018","20","568.0","636.9","","","","","","","","","","","","","",""
"Midlothian","S12000019","36","595.2","676.9","","","","","","","","","","","","","",""
"Moray","S12000020","23","565.5","691.4","","","","","","","","","","","","","",""
"Na h-Eileanan Siar","S12000013","7","670.7","699.4","","","","","","","","","","","","","",""
"North Ayrshire","S12000021","40","624.5","676.3","","","","","","","","","","","","","",""
"North Lanarkshire","S12000050","106","592.7","658.0","","","","","","","","","","","","","",""
"Orkney Islands","S12000023","8","563.0","666.0","","","","","","","","","","","","","",""
"Perth and Kinross","S12000048","57","579.1","673.9","","","","","","","","","","","","","",""
"Renfrewshire","S12000038","51","659.2","714.1","","","","","","","","","","","","","",""
"Scottish Borders","S12000026","34","550.6","620.1","","","","","","","","","","","","","",""
"Shetland Islands","S12000027","8","670.8","734.5","","","","","","","","","","","","","",""
"South Ayrshire","S12000028","30","665.9","681.0","","","","","","","","","","","","","",""
"South Lanarkshire","S12000029","105","651.0","714.6","","","","","","","","","","","","","",""
"Stirling","S12000030","29","652.4","813.9","","","","","","","","","","","","","",""
"West Dunbartonshire","S12000039","25","650.9","696.3","","","","","","","","","","","","","",""
"West Lothian","S12000040","51","602.5","672.7","","","","","","","","","","","","","",""
"Northern Ireland ","N92000002","768","574.2","650.0","","","","","","","","","","","","","",""
"Not Classified","","184","592.5","706.8","","","","","","","","","","","","","",""
